[
  {
    "id": "ActorsMappedCapability",
    "type": "StructureDefinition",
    "url": "http://example.com/fhir/example/StructureDefinition/ActorsMappedCapability",
    "version": "0.1.0-test",
    "name": "ActorsMappedCapability"
  },
  {
    "id": "MappedCapability",
    "type": "StructureDefinition",
    "url": "http://example.com/fhir/example/StructureDefinition/MappedCapability",
    "version": "0.1.0-test",
    "name": "MappedCapability"
  },
  {
    "id": "MappedOrganization",
    "type": "StructureDefinition",
    "url": "http://example.com/fhir/example/StructureDefinition/MappedOrganization",
    "version": "0.1.0-test",
    "name": "MappedOrganization"
  },
  {
    "id": "xxxexample.fhir.uv.myig",
    "type": "ImplementationGuide",
    "url": "xxxhttp://somewhere.org/fhir/uv/myig/ImplementationGuide/example.fhir.uv.myig",
    "version": "0.1.0-test",
    "name": "xxxYourComputableMyIGNameHere"
  }
]